incidente,classe,nome_processo,classe_extenso,tipo,liminar,origem,relator,partes_total,data_protocolo,origem_orgao,lista_assuntos,resumo,andamentos_lista,deslocamentos_lista
4144686,ADPF,ADPF 240,ARGUIÇÃO DE DESCUMPRIMENTO DE PRECEITO FUNDAMENTAL,INTDO.(A/S),Medida Liminar,DF - DISTRITO FEDERAL,Relator: MIN. LUÍS ROBERTO BARROSO,"[{'_index': 1, 'tipo': 'REQTE.(S)', 'nome': 'FENAJUFE - FEDERAÇÃO NACIONAL DOS TRABALHADORES DO JUDICIÁRIO FEDERAL E MINISTÉRIO PÚBULICO DA UNIÃO'}, {'_index': 2, 'tipo': 'ADV.(A/S)', 'nome': 'PEDRO MAURÍCIO PITA DA SILVA MACHADO (29543/DF)'}, {'_index': 3, 'tipo': 'INTDO.(A/S)', 'nome': 'CONGRESSO NACIONAL'}, {'_index': 4, 'tipo': 'INTDO.(A/S)', 'nome': 'PRESIDENTE DA REPÚBLICA'}]",20/09/2011,SUPREMO TRIBUNAL FEDERAL,"['DIREITO ADMINISTRATIVO E OUTRAS MATÉRIAS DE DIREITO PÚBLICO | Orçamento', 'DIREITO ADMINISTRATIVO E OUTRAS MATÉRIAS DE DIREITO PÚBLICO | Controle de Constitucionalidade | Processo Legislativo']","
                            <div class=""col-xs-12 col-md-12 m-b-8 p-l-0"">
                                <div class=""processo-classe p-t-8 p-l-16"">ARGUIÇÃO DE DESCUMPRIMENTO DE PRECEITO FUNDAMENTAL</div>
                                
                                <div class=""processo-dados p-l-16""><a href=""#"" data-toggle=""tooltip"" title=""Corresponde ao Estado da federação de onde provém o processo."">Origem:</a>&nbsp;<span id=""descricao-procedencia""><span id=""descricao-procedencia"">
    DF - DISTRITO FEDERAL
</span></span></div>
                                <div class=""processo-dados p-l-16"">Relator: MIN. LUÍS ROBERTO BARROSO</div>
                                
                                <hr style=""margin-left: 16px;"">
                                <div id=""resumo-partes"" class=""resumo-partes""><div id=""partes-resumidas"">
    
        <div style=""display: flex; flex-direction:row"">
            <div class=""processo-partes m-t-4 col-md-2"">REQTE.(S)</div>
            <div class=""processo-partes m-t-4 col-md-8"">FENAJUFE - FEDERAÇÃO NACIONAL DOS TRABALHADORES DO JUDICIÁRIO FEDERAL E MINISTÉRIO PÚBULICO DA UNIÃO&nbsp;</div>
        </div>
    
        <div style=""display: flex; flex-direction:row"">
            <div class=""processo-partes m-t-4 col-md-2"">ADV.(A/S)</div>
            <div class=""processo-partes m-t-4 col-md-8"">PEDRO MAURÍCIO PITA DA SILVA MACHADO (29543/DF)&nbsp;</div>
        </div>
    
        <div style=""display: flex; flex-direction:row"">
            <div class=""processo-partes m-t-4 col-md-2"">INTDO.(A/S)</div>
            <div class=""processo-partes m-t-4 col-md-8"">CONGRESSO NACIONAL&nbsp;</div>
        </div>
    
        <div style=""display: flex; flex-direction:row"">
            <div class=""processo-partes m-t-4 col-md-2"">INTDO.(A/S)</div>
            <div class=""processo-partes m-t-4 col-md-8"">PRESIDENTE DA REPÚBLICA&nbsp;</div>
        </div>
    
</div>
                                    <div class=""clearfix""></div>
                                </div>
                                <!-- TEMPORÁRIO  -->
                                <!-- A TABELA DE PREFERÊNCIAS NÃO DEVE SER UTILIZADA PARA A AGENDA DA ONU
                                     FUTURAMENTE SERÁ CRIADA UMA TABELA COM UM CODIGO PARA DEFINIR OS ITENS DA AGENDA
                                -->
                                
                                <!-- TEMPORÁRIO  -->
                            </div>
                        ","[{'index': 40, 'data': '29/10/2013', 'nome': 'Baixa ao arquivo do STF, Guia nº', 'complemento': '10346/2013 - SEÇÃO DE ARQUIVO', 'julgador': 'NA', 'link': 'NA', 'link_tipo': 'NA'}, {'index': 39, 'data': '29/10/2013', 'nome': 'Transitado(a) em julgado', 'complemento': '25.10.2013', 'julgador': 'NA', 'link': 'NA', 'link_tipo': 'NA'}, {'index': 38, 'data': '18/10/2013', 'nome': 'Publicação, DJE', 'complemento': 'Decisão de 14/10/2013 (DJE nº 207, divulgado em 17/10/2013)', 'julgador': 'NA', 'link': 'NA', 'link_tipo': 'NA'}, {'index': 37, 'data': '15/10/2013', 'nome': 'Extinto o processo', 'complemento': 'Em 14/10/2013. ""... julgo extinta a presente ação, sem resolução de mérito, por perda de objeto, prejudicadas as demais questões pendentes. Publique-se. Intimem-se.""', 'julgador': 'MIN. LUÍS ROBERTO BARROSO', 'link': 'NA', 'link_tipo': 'NA'}, {'index': 36, 'data': '27/06/2013', 'nome': 'Conclusos ao(à) Relator(a)', 'complemento': '', 'julgador': 'NA', 'link': 'NA', 'link_tipo': 'NA'}, {'index': 35, 'data': '26/06/2013', 'nome': 'Substituição do Relator, art. 38 do RISTF', 'complemento': 'MIN. ROBERTO BARROSO', 'julgador': 'NA', 'link': 'NA', 'link_tipo': 'NA'}, {'index': 34, 'data': '04/02/2013', 'nome': 'Publicação, DJE', 'complemento': 'Despacho de 25/01/2013 (DJE nº 23, divulgado em 01/02/2013)', 'julgador': 'NA', 'link': 'NA', 'link_tipo': 'NA'}, {'index': 33, 'data': '28/01/2013', 'nome': 'Despacho', 'complemento': 'Em 25/1/2013, do Exmo. Sr. Ministro Vice-Presidente, no exercício da Presidência: “Analisados os autos, verifico que o caso sob exame não se amolda à hipótese prevista no art. 13, VIII, do Regimento Interno do Supremo Tribunal Federal. Isso posto, encaminhem-se os autos ao Ministro relator. Publique-se.”', 'julgador': 'NA', 'link': 'NA', 'link_tipo': 'NA'}, {'index': 32, 'data': '24/01/2013', 'nome': 'Conclusos à Vice-Presidência', 'complemento': 'RISTF, art.13, VIII c/c art. 14', 'julgador': 'NA', 'link': 'NA', 'link_tipo': 'NA'}, {'index': 31, 'data': '24/01/2013', 'nome': 'Recebimento dos autos', 'complemento': 'da PGR.', 'julgador': 'NA', 'link': 'NA', 'link_tipo': 'NA'}, {'index': 30, 'data': '23/01/2013', 'nome': 'Petição', 'complemento': '1702/2013 - 23/01/2013 - PARECER N.8941/RG, PGR, 28/11/2012 - OPINA PELA PROCEDÊNCIA DA AÇÃO.', 'julgador': 'NA', 'link': 'NA', 'link_tipo': 'NA'}, {'index': 29, 'data': '27/10/2011', 'nome': 'Vista à PGR', 'complemento': '', 'julgador': 'NA', 'link': 'NA', 'link_tipo': 'NA'}, {'index': 28, 'data': '27/10/2011', 'nome': 'Juntada a petição nº', 'complemento': '84340/2011, da AGU, apresentando defesa.', 'julgador': 'NA', 'link': 'NA', 'link_tipo': 'NA'}, {'index': 27, 'data': '27/10/2011', 'nome': 'Petição', 'complemento': '84340/2011 - 27/10/2011 - (PETIÇÃO ELETRÔNICA COM CERTIFICAÇÃO DIGITAL) ADVOGADO-GERAL DA UNIÃO - MANIFESTA-SE PELA IMPROCEDÊNCIA DA AÇÃO.', 'julgador': 'NA', 'link': 'NA', 'link_tipo': 'NA'}, {'index': 26, 'data': '24/10/2011', 'nome': 'Vista ao AGU', 'complemento': '', 'julgador': 'NA', 'link': 'NA', 'link_tipo': 'NA'}, {'index': 25, 'data': '24/10/2011', 'nome': 'Decorrido o prazo', 'complemento': 'Em 17/10/2011, sem que fossem prestadas as informações solicitadas ao Senado Federal, por meio do ofício nº 6759/R.', 'julgador': 'NA', 'link': 'NA', 'link_tipo': 'NA'}, {'index': 24, 'data': '13/10/2011', 'nome': 'Juntada a petição nº', 'complemento': '81036/2011, da Câmara dos Deputados, prestando informações.', 'julgador': 'NA', 'link': 'NA', 'link_tipo': 'NA'}, {'index': 23, 'data': '13/10/2011', 'nome': 'Informações recebidas, Ofício nº', 'complemento': '6760/R, da Câmara dos Deputados.', 'julgador': 'NA', 'link': 'NA', 'link_tipo': 'NA'}, {'index': 22, 'data': '13/10/2011', 'nome': 'Petição', 'complemento': 'Petição: 81461 Data: 13/10/2011 18:06:21.970 GMT-03:00', 'julgador': 'NA', 'link': 'NA', 'link_tipo': 'NA'}, {'index': 21, 'data': '11/10/2011', 'nome': 'Petição', 'complemento': '81036/2011 - 11/10/2011 - OFÍCIO N.1712/11/SGM/P, CÂMARA DOS DEPUTADOS, 11/10/2011 - PRESTA INFORMAÇÕES.', 'julgador': 'NA', 'link': 'NA', 'link_tipo': 'NA'}, {'index': 20, 'data': '06/10/2011', 'nome': 'Expedido(a)', 'complemento': 'Ofício - Ofício Informação Petição Inicial ADPF - Relator', 'julgador': 'NA', 'link': 'NA', 'link_tipo': 'NA'}, {'index': 19, 'data': '06/10/2011', 'nome': 'Expedido(a)', 'complemento': 'Ofício - Ofício Informação Petição Inicial ADPF - Relator', 'julgador': 'NA', 'link': 'NA', 'link_tipo': 'NA'}, {'index': 18, 'data': '06/10/2011', 'nome': 'Expedido(a)', 'complemento': 'Ofício - Ofício Informação Petição Inicial ADPF - Relator', 'julgador': 'NA', 'link': 'NA', 'link_tipo': 'NA'}, {'index': 17, 'data': '05/10/2011', 'nome': 'Comunicação assinada', 'complemento': 'Ofício - Ofício Informação Petição Inicial ADPF - Relator', 'julgador': 'NA', 'link': 'NA', 'link_tipo': 'NA'}, {'index': 16, 'data': '05/10/2011', 'nome': 'Comunicação assinada', 'complemento': 'Ofício - Ofício Informação Petição Inicial ADPF - Relator', 'julgador': 'NA', 'link': 'NA', 'link_tipo': 'NA'}, {'index': 15, 'data': '05/10/2011', 'nome': 'Comunicação assinada', 'complemento': 'Ofício - Ofício Informação Petição Inicial ADPF - Relator', 'julgador': 'NA', 'link': 'NA', 'link_tipo': 'NA'}, {'index': 14, 'data': '03/10/2011', 'nome': 'Publicação, DJE', 'complemento': 'Despacho de 26/09/2011 (DJE nº 189, divulgado em 30/09/2011)', 'julgador': 'NA', 'link': 'NA', 'link_tipo': ''}, {'index': 13, 'data': '30/09/2011', 'nome': 'Certidão', 'complemento': 'Certifico que elaborei 3 ofícios em cumprimento ao despacho de 29/9/11.', 'julgador': 'NA', 'link': 'NA', 'link_tipo': 'NA'}, {'index': 12, 'data': '29/09/2011', 'nome': 'Despacho', 'complemento': 'em 26/09/2011: ""Solicitem-se informações à autoridade argüida no prazo de dez dias, nos termos do art. 6º, caput, da Lei 9.882/1999. Após, abra-se vista dos autos sucessivamente ao advogado-geral da União e ao procurador-geral da República, pelo prazo de três dias. Publique-se""', 'julgador': 'NA', 'link': 'NA', 'link_tipo': 'NA'}, {'index': 11, 'data': '28/09/2011', 'nome': 'Conclusos ao(à) Relator(a)', 'complemento': '', 'julgador': 'NA', 'link': 'NA', 'link_tipo': 'NA'}, {'index': 10, 'data': '28/09/2011', 'nome': 'Juntada a petição nº', 'complemento': '77662/2011, da Federação Nacional dos Trabalhadores do Judiciário Federal e Ministério Público da União, requerendo juntada de documentos.', 'julgador': 'NA', 'link': 'NA', 'link_tipo': 'NA'}, {'index': 9, 'data': '28/09/2011', 'nome': 'Petição', 'complemento': '77662/2011 - 28/09/2011 - (PETIÇÃO ELETRÔNICA COM CERTIFICAÇÃO DIGITAL) FENAJUFE - FEDERAÇÃO NACIONAL DOS TRABALHADORES DO JUDICIÁRIO FEDERAL E MINISTÉRIO PÚBULICO DA UNIÃO - REQUER JUNTADA DE DOCUMENTOS.', 'julgador': 'NA', 'link': 'NA', 'link_tipo': 'NA'}, {'index': 8, 'data': '26/09/2011', 'nome': 'Publicação, DJE', 'complemento': 'Despacho 20/09/2011 (DJE nº 184, divulgado em 23/09/2011)', 'julgador': 'NA', 'link': 'NA', 'link_tipo': ''}, {'index': 7, 'data': '22/09/2011', 'nome': 'Conclusos ao(à) Relator(a)', 'complemento': '', 'julgador': 'NA', 'link': 'NA', 'link_tipo': 'NA'}, {'index': 6, 'data': '22/09/2011', 'nome': 'Petição', 'complemento': 'Petição: 76707 Data: 22/09/2011 18:22:14.842 GMT-03:00', 'julgador': 'NA', 'link': 'NA', 'link_tipo': 'NA'}, {'index': 5, 'data': '22/09/2011', 'nome': 'Despacho', 'complemento': 'Em 20/9/2011: ""Abra-se vista dos autos à arguente, pelo prazo de cinco dias, para que possa regularizar sua representação processual, de modo a: (1) apresentar instrumento de mandato advocatício com cláusula específica para propositura de ação relacionada ao controle concentrado de constitucionalidade e (2) elucidar a competência do representante legal indicado no referido instrumento para outorga do mandado. Publique-se.""', 'julgador': 'NA', 'link': 'NA', 'link_tipo': 'NA'}, {'index': 4, 'data': '20/09/2011', 'nome': 'Conclusos ao(à) Relator(a)', 'complemento': '', 'julgador': 'NA', 'link': 'NA', 'link_tipo': 'NA'}, {'index': 3, 'data': '20/09/2011', 'nome': 'Distribuído por prevenção', 'complemento': 'MIN. JOAQUIM BARBOSA', 'julgador': 'NA', 'link': 'NA', 'link_tipo': 'NA'}, {'index': 2, 'data': '20/09/2011', 'nome': 'Autuado', 'complemento': '', 'julgador': 'NA', 'link': 'NA', 'link_tipo': 'NA'}, {'index': 1, 'data': '20/09/2011', 'nome': 'Protocolado', 'complemento': '', 'julgador': 'NA', 'link': 'NA', 'link_tipo': 'NA'}]","[{'index': 18, 'data_recebido': 'Recebido em 30/01/2021', 'enviado por': 'COORDENADORIA DE GESTÃO DA INFORMAÇÃO, MEMÓRIA INSTITUCIONAL E MUSEU', 'recebido por': 'Enviado por COORDENADORIA DE MEMÓRIA E GESTÃO DOCUMENTAL em 30/01/2021', 'gruia': 'Guia 6/2021'}, {'index': 17, 'data_recebido': 'Recebido em 14/06/2019', 'enviado por': 'COORDENADORIA DE MEMÓRIA E GESTÃO DOCUMENTAL', 'recebido por': 'Enviado por SEÇÃO DE ARQUIVO em 14/06/2019', 'gruia': 'Guia 402/2019'}, {'index': 16, 'data_recebido': 'Recebido em 11/11/2014', 'enviado por': 'SEÇÃO DE ARQUIVO', 'recebido por': 'Enviado por SEÇÃO DE ARQUIVO em 11/11/2014', 'gruia': 'Guia 314/2014'}, {'index': 15, 'data_recebido': 'Recebido em 29/10/2013', 'enviado por': 'SEÇÃO DE ARQUIVO', 'recebido por': 'Enviado por SEÇÃO DE PROCESSOS DO CONTROLE CONCENTRADO E RECLAMAÇÕES em 29/10/2013', 'gruia': 'Guia 10346/2013'}, {'index': 14, 'data_recebido': 'Recebido em 15/10/2013', 'enviado por': 'SEÇÃO DE PROCESSOS DO CONTROLE CONCENTRADO E RECLAMAÇÕES', 'recebido por': 'Enviado por GABINETE MINISTRO ROBERTO BARROSO em 15/10/2013', 'gruia': 'Guia 985/2013'}, {'index': 13, 'data_recebido': 'Recebido em 27/06/2013', 'enviado por': 'GABINETE MINISTRO ROBERTO BARROSO', 'recebido por': 'Enviado por SEÇÃO DE PROCESSOS DO CONTROLE CONCENTRADO E RECLAMAÇÕES em 27/06/2013', 'gruia': 'Guia 5915/2013'}, {'index': 12, 'data_recebido': 'Recebido em 25/01/2013', 'enviado por': 'SEÇÃO DE PROCESSOS DO CONTROLE CONCENTRADO E RECLAMAÇÕES', 'recebido por': 'Enviado por GABINETE DA VICE-PRESIDÊNCIA em 25/01/2013', 'gruia': 'Guia 226/2013'}, {'index': 11, 'data_recebido': 'Recebido em 24/01/2013', 'enviado por': 'GABINETE DA VICE-PRESIDÊNCIA', 'recebido por': 'Enviado por SEÇÃO DE PROCESSOS DO CONTROLE CONCENTRADO E RECLAMAÇÕES em 24/01/2013', 'gruia': 'Guia 225/2013'}, {'index': 10, 'data_recebido': 'Recebido em 24/01/2013', 'enviado por': 'SEÇÃO DE PROCESSOS DO CONTROLE CONCENTRADO E RECLAMAÇÕES', 'recebido por': 'Enviado por SEÇÃO DE ATENDIMENTO NÃO PRESENCIAL em 24/01/2013', 'gruia': 'Guia 273/2013'}, {'index': 9, 'data_recebido': 'Recebido em 24/01/2013', 'enviado por': 'SEÇÃO DE ATENDIMENTO NÃO PRESENCIAL', 'recebido por': 'Enviado por PROCURADORIA-GERAL DA REPÚBLICA em 24/01/2013', 'gruia': 'Guia 1066658/2013'}, {'index': 8, 'data_recebido': 'NA', 'enviado por': 'PROCURADORIA-GERAL DA REPÚBLICA', 'recebido por': 'Enviado por SEÇÃO DE PROCESSOS DO CONTROLE CONCENTRADO E RECLAMAÇÕES em 27/10/2011', 'gruia': 'Guia 8942/2011'}, {'index': 7, 'data_recebido': 'Recebido em 30/09/2011', 'enviado por': 'SEÇÃO DE PROCESSOS DO CONTROLE CONCENTRADO E RECLAMAÇÕES', 'recebido por': 'Enviado por SEÇÃO DE COMUNICAÇÕES em 30/09/2011', 'gruia': 'Guia 7157/2011'}, {'index': 6, 'data_recebido': 'Recebido em 29/09/2011', 'enviado por': 'SEÇÃO DE COMUNICAÇÕES', 'recebido por': 'Enviado por SEÇÃO DE PROCESSOS DO CONTROLE CONCENTRADO E RECLAMAÇÕES em 29/09/2011', 'gruia': 'Guia 8013/2011'}, {'index': 5, 'data_recebido': 'Recebido em 29/09/2011', 'enviado por': 'SEÇÃO DE PROCESSOS DO CONTROLE CONCENTRADO E RECLAMAÇÕES', 'recebido por': 'Enviado por GABINETE MINISTRO JOAQUIM BARBOSA em 29/09/2011', 'gruia': 'Guia 2307/2011'}, {'index': 4, 'data_recebido': 'Recebido em 22/09/2011', 'enviado por': 'GABINETE MINISTRO JOAQUIM BARBOSA', 'recebido por': 'Enviado por SEÇÃO DE PROCESSOS DO CONTROLE CONCENTRADO E RECLAMAÇÕES em 22/09/2011', 'gruia': 'Guia 7763/2011'}, {'index': 3, 'data_recebido': 'Recebido em 22/09/2011', 'enviado por': 'SEÇÃO DE PROCESSOS DO CONTROLE CONCENTRADO E RECLAMAÇÕES', 'recebido por': 'Enviado por GABINETE MINISTRO JOAQUIM BARBOSA em 22/09/2011', 'gruia': 'Guia 2220/2011'}, {'index': 2, 'data_recebido': 'Recebido em 20/09/2011', 'enviado por': 'GABINETE MINISTRO JOAQUIM BARBOSA', 'recebido por': 'Enviado por SEÇÃO DE RECEBIMENTO E DISTRIBUIÇÃO DE ORIGINÁRIOS em 20/09/2011', 'gruia': 'Guia 9307/2011'}, {'index': 1, 'data_recebido': 'Recebido em 20/09/2011', 'enviado por': 'SEÇÃO DE RECEBIMENTO E DISTRIBUIÇÃO DE ORIGINÁRIOS', 'recebido por': 'Enviado por DIVERSOS em 20/09/2011', 'gruia': 'Guia 928720/2011'}]"
4145728,ADPF,ADPF 241,ARGUIÇÃO DE DESCUMPRIMENTO DE PRECEITO FUNDAMENTAL,PROC.(A/S)(ES),Medida Liminar,MG - MINAS GERAIS,Relator: MIN. EDSON FACHIN,"[{'_index': 1, 'tipo': 'REQTE.(S)', 'nome': 'FEDERACAO BRASILEIRA DE ASSOCIAÇÕES DE FISCAIS DE TRIBUTOS ESTADUAIS - FEBRAFITE'}, {'_index': 2, 'tipo': 'ADV.(A/S)', 'nome': 'EVANDRO LUÍS CASTELLO BRANCO PERTENCE (11841/DF)'}, {'_index': 3, 'tipo': 'ADV.(A/S)', 'nome': 'WAGNER ROSSI RODRIGUES (15058/DF)'}, {'_index': 4, 'tipo': 'INTDO.(A/S)', 'nome': 'GOVERNADOR DO ESTADO DE MINAS GERAIS'}, {'_index': 5, 'tipo': 'INTDO.(A/S)', 'nome': 'ASSEMBLÉIA LEGISLATIVA DO ESTADO DE MINAS GERAIS'}, {'_index': 6, 'tipo': 'PROC.(A/S)(ES)', 'nome': 'PROCURADOR-GERAL DA ASSEMBLEIA LEGISLATIVA DO ESTADO DE MINAS GERAIS'}]",22/09/2011,SUPREMO TRIBUNAL FEDERAL,"['DIREITO ADMINISTRATIVO E OUTRAS MATÉRIAS DE DIREITO PÚBLICO | Servidor Público Civil | Reajustes de Remuneração, Proventos ou Pensão']","
                            <div class=""col-xs-12 col-md-12 m-b-8 p-l-0"">
                                <div class=""processo-classe p-t-8 p-l-16"">ARGUIÇÃO DE DESCUMPRIMENTO DE PRECEITO FUNDAMENTAL</div>
                                
                                <div class=""processo-dados p-l-16""><a href=""#"" data-toggle=""tooltip"" title=""Corresponde ao Estado da federação de onde provém o processo."">Origem:</a>&nbsp;<span id=""descricao-procedencia""><span id=""descricao-procedencia"">
    MG - MINAS GERAIS
</span></span></div>
                                <div class=""processo-dados p-l-16"">Relator: MIN. EDSON FACHIN</div>
                                <div class=""processo-dados p-l-16"">Relator do último incidente: MIN. EDSON FACHIN (ADPF-AgR)  </div>
                                <hr style=""margin-left: 16px;"">
                                <div id=""resumo-partes"" class=""resumo-partes""><div id=""partes-resumidas"">
    
        <div style=""display: flex; flex-direction:row"">
            <div class=""processo-partes m-t-4 col-md-2"">REQTE.(S)</div>
            <div class=""processo-partes m-t-4 col-md-8"">FEDERACAO BRASILEIRA DE ASSOCIAÇÕES DE FISCAIS DE TRIBUTOS ESTADUAIS - FEBRAFITE&nbsp;</div>
        </div>
    
        <div style=""display: flex; flex-direction:row"">
            <div class=""processo-partes m-t-4 col-md-2"">ADV.(A/S)</div>
            <div class=""processo-partes m-t-4 col-md-8"">EVANDRO LUÍS CASTELLO BRANCO PERTENCE (11841/DF)&nbsp;</div>
        </div>
    
        <div style=""display: flex; flex-direction:row"">
            <div class=""processo-partes m-t-4 col-md-2"">ADV.(A/S)</div>
            <div class=""processo-partes m-t-4 col-md-8"">WAGNER ROSSI RODRIGUES (15058/DF)&nbsp;</div>
        </div>
    
        <div style=""display: flex; flex-direction:row"">
            <div class=""processo-partes m-t-4 col-md-2"">INTDO.(A/S)</div>
            <div class=""processo-partes m-t-4 col-md-8"">GOVERNADOR DO ESTADO DE MINAS GERAIS&nbsp;</div>
        </div>
    
</div>
                                    <div class=""clearfix""></div>
                                </div>
                                <!-- TEMPORÁRIO  -->
                                <!-- A TABELA DE PREFERÊNCIAS NÃO DEVE SER UTILIZADA PARA A AGENDA DA ONU
                                     FUTURAMENTE SERÁ CRIADA UMA TABELA COM UM CODIGO PARA DEFINIR OS ITENS DA AGENDA
                                -->
                                
                                <!-- TEMPORÁRIO  -->
                            </div>
                        ","[{'index': 58, 'data': '21/02/2019', 'nome': 'Baixa ao arquivo do STF, Guia nº', 'complemento': '1465/2019 - COORDENADORIA DE MEMÓRIA E GESTÃO DOCUMENTAL', 'julgador': 'NA', 'link': 'NA', 'link_tipo': 'NA'}, {'index': 57, 'data': '21/02/2019', 'nome': 'Decisão de julgamento (Lei 9.868/99) publicada no DJE e no DOU', 'complemento': 'em 8/2/2019.', 'julgador': 'NA', 'link': 'NA', 'link_tipo': 'NA'}, {'index': 56, 'data': '06/02/2019', 'nome': 'Transitado(a) em julgado', 'complemento': 'em 6/2/2019', 'julgador': 'NA', 'link': 'NA', 'link_tipo': 'NA'}, {'index': 55, 'data': '19/12/2018', 'nome': 'Manifestação da PGR', 'complemento': '', 'julgador': 'NA', 'link': 'NA', 'link_tipo': 'NA'}, {'index': 54, 'data': '14/12/2018', 'nome': 'Vista à PGR para fins de intimação', 'complemento': '', 'julgador': 'NA', 'link': 'NA', 'link_tipo': 'NA'}, {'index': 53, 'data': '14/12/2018', 'nome': 'Publicado acórdão, DJE', 'complemento': 'DATA DE PUBLICAÇÃO DJE 14/12/2018 - ATA Nº 193/2018. DJE nº 268, divulgado em 13/12/2018', 'julgador': 'NA', 'link': 'NA', 'link_tipo': 'NA'}, {'index': 52, 'data': '29/11/2018', 'nome': 'Decisão de julgamento (Lei 9.882/99) publicada no DJE e no DOU', 'complemento': 'EM 28/11/2018.', 'julgador': 'NA', 'link': 'NA', 'link_tipo': 'NA'}, {'index': 51, 'data': '28/11/2018', 'nome': 'Ata de Julgamento Publicada, DJE', 'complemento': 'ATA Nº 39, de 23/11/2018. DJE nº 253, divulgado em 27/11/2018', 'julgador': 'NA', 'link': 'NA', 'link_tipo': 'NA'}, {'index': 50, 'data': '23/11/2018', 'nome': 'Juntada', 'complemento': 'da certidão de julgamento referente à sessão virtual do Plenário de 16 a 22/11/2018', 'julgador': 'NA', 'link': 'NA', 'link_tipo': 'NA'}, {'index': 49, 'data': '23/11/2018', 'nome': 'Agravo regimental não provido', 'complemento': 'Decisão: O Tribunal, por unanimidade, negou provimento ao agravo regimental, nos termos do voto do Relator. Plenário, Sessão Virtual de 16.11.2018 a 22.11.2018.', 'julgador': 'TRIBUNAL PLENO - SESSÃO VIRTUAL', 'link': 'NA', 'link_tipo': ''}, {'index': 48, 'data': '23/11/2018', 'nome': 'Finalizado Julgamento Virtual', 'complemento': 'Finalizado Julgamento Virtual em 22 de Novembro de 2018 (Quinta-feira), às 23:59 .', 'julgador': 'NA', 'link': 'NA', 'link_tipo': 'NA'}, {'index': 47, 'data': '16/11/2018', 'nome': 'Iniciado Julgamento Virtual', 'complemento': '', 'julgador': 'NA', 'link': 'NA', 'link_tipo': 'NA'}, {'index': 46, 'data': '06/11/2018', 'nome': 'Pauta publicada no DJE - Plenário', 'complemento': 'PAUTA Nº 111/2018. DJE nº 235, divulgado em 05/11/2018', 'julgador': 'NA', 'link': 'NA', 'link_tipo': 'NA'}, {'index': 45, 'data': '31/10/2018', 'nome': 'Inclua-se em pauta - minuta extraída', 'complemento': 'Julgamento Virtual: ADPF-AgR - Agendado para: 16/11/2018.', 'julgador': 'TRIBUNAL PLENO - SESSÃO VIRTUAL', 'link': 'NA', 'link_tipo': 'NA'}, {'index': 44, 'data': '30/10/2018', 'nome': 'Publicação, DJE', 'complemento': 'DJE nº 231, divulgado em 29/10/2018', 'julgador': 'NA', 'link': 'NA', 'link_tipo': 'NA'}, {'index': 43, 'data': '26/10/2018', 'nome': 'Conclusos ao(à) Relator(a)', 'complemento': '', 'julgador': 'NA', 'link': 'NA', 'link_tipo': 'NA'}, {'index': 42, 'data': '26/10/2018', 'nome': 'Certidão', 'complemento': 'Certifico que a autuação dos presentes foi retificada para o fim de incluir o Procurador-Geral da Assembleia Legislativa do Estado de Minas Gerais na qualidade de representante judicial da interessada Assembleia Legislativa do Estado de Minas Gerais, nos termos da r. decisão de 18/10/2018.', 'julgador': 'NA', 'link': 'NA', 'link_tipo': 'NA'}, {'index': 41, 'data': '26/10/2018', 'nome': 'Despacho', 'complemento': 'Em 25/10/2018: ""Tendo em conta o requerimento apresentado pela Procuradoria-Geral da Assembleia Legislativa do Estado de Minas Gerais (eDOC 32), encaminhem-se os autos à Secretaria Judiciária para a realização das providências necessárias. Publique-se.""', 'julgador': 'NA', 'link': 'NA', 'link_tipo': 'NA'}, {'index': 40, 'data': '22/10/2018', 'nome': 'Publicação, DJE', 'complemento': 'DJE nº 224, divulgado em 19/10/2018', 'julgador': 'NA', 'link': 'NA', 'link_tipo': 'NA'}, {'index': 39, 'data': '18/10/2018', 'nome': 'Conclusos ao(à) Relator(a)', 'complemento': '', 'julgador': 'NA', 'link': 'NA', 'link_tipo': 'NA'}, {'index': 38, 'data': '18/10/2018', 'nome': 'Certidão', 'complemento': 'Certifico que retifiquei a autuação dos presentes em cumprimento à r. decisão de 18/10/2018.', 'julgador': 'NA', 'link': 'NA', 'link_tipo': 'NA'}, {'index': 37, 'data': '18/10/2018', 'nome': 'Despacho', 'complemento': '""Tendo em conta o requerimento apresentado pela Procuradoria-Geral da Assembleia Legislativa do Estado de Minas Gerais (eDOC 32), encaminhem-se os autos à Secretaria Judiciária para a realização das providências necessárias. Publique-se.""', 'julgador': 'NA', 'link': 'NA', 'link_tipo': 'NA'}, {'index': 36, 'data': '21/08/2018', 'nome': 'Conclusos ao(à) Relator(a)', 'complemento': '', 'julgador': 'NA', 'link': 'NA', 'link_tipo': 'NA'}, {'index': 35, 'data': '21/08/2018', 'nome': 'Manifestação da PGR', 'complemento': '', 'julgador': 'NA', 'link': 'NA', 'link_tipo': 'NA'}, {'index': 34, 'data': '19/03/2018', 'nome': 'Petição', 'complemento': '14805/2018 - 19/03/2018 - Of.PGA/18/2018, Assembleia Legislativa do Estado de Minas Gerais - Requer retificação da autuação do processo listado.', 'julgador': 'NA', 'link': 'NA', 'link_tipo': 'NA'}, {'index': 33, 'data': '06/02/2018', 'nome': 'Publicação, DJE', 'complemento': 'DJE nº 21, divulgado em 05/02/2018', 'julgador': 'NA', 'link': 'NA', 'link_tipo': 'NA'}, {'index': 32, 'data': '19/01/2018', 'nome': 'Vista à PGR', 'complemento': '', 'julgador': 'NA', 'link': 'NA', 'link_tipo': 'NA'}, {'index': 31, 'data': '19/01/2018', 'nome': 'Despacho', 'complemento': 'em 11.1.2018 ""Encaminhem-se os autos à Procuradoria-Geral da República, para oferta de Parecer sobre o agravo regimental interposto pela arguente. Publique-se.""', 'julgador': 'NA', 'link': 'NA', 'link_tipo': 'NA'}, {'index': 30, 'data': '19/09/2016', 'nome': 'Conclusos ao(à) Relator(a)', 'complemento': '', 'julgador': 'NA', 'link': 'NA', 'link_tipo': 'NA'}, {'index': 29, 'data': '19/09/2016', 'nome': 'Interposto agravo regimental', 'complemento': 'Juntada Petição: 52272/2016', 'julgador': 'NA', 'link': 'NA', 'link_tipo': 'NA'}, {'index': 28, 'data': '16/09/2016', 'nome': 'Petição', 'complemento': 'Agravo Regimental - Petição: 52272 Data: 16/09/2016 às 19:47:52', 'julgador': 'NA', 'link': 'NA', 'link_tipo': 'NA'}, {'index': 27, 'data': '09/09/2016', 'nome': 'Publicação, DJE', 'complemento': 'Decisão de 27/06/2016 (DJE nº 192, divulgado em 08/09/2016)', 'julgador': 'NA', 'link': 'NA', 'link_tipo': 'NA'}, {'index': 26, 'data': '06/09/2016', 'nome': 'Negado seguimento', 'complemento': 'Em 27/06/2016: ""[...] Ante o exposto, nego seguimento à presente arguição de descumprimento de preceito fundamental, com prejuízo da medida liminar, nos termos dos arts. 21, §1º, do RISTF, e 4º da Lei 9.882/99. Publique-se.""', 'julgador': 'MIN. EDSON FACHIN', 'link': 'NA', 'link_tipo': 'NA'}, {'index': 25, 'data': '16/06/2015', 'nome': 'Substituição do Relator, art. 38 do RISTF', 'complemento': 'MIN. EDSON FACHIN', 'julgador': 'NA', 'link': 'NA', 'link_tipo': 'NA'}, {'index': 24, 'data': '03/05/2012', 'nome': 'Petição', 'complemento': 'Petição: 22677 Data: 03/05/2012 17:02:49.189 GMT-03:00', 'julgador': 'NA', 'link': 'NA', 'link_tipo': 'NA'}, {'index': 23, 'data': '17/11/2011', 'nome': 'Conclusos ao(à) Relator(a)', 'complemento': '', 'julgador': 'NA', 'link': 'NA', 'link_tipo': 'NA'}, {'index': 22, 'data': '17/11/2011', 'nome': 'Recebimento dos autos', 'complemento': 'da PGR.', 'julgador': 'NA', 'link': 'NA', 'link_tipo': 'NA'}, {'index': 21, 'data': '17/11/2011', 'nome': 'Juntada a petição nº', 'complemento': '87369/2011, da Procuradoria-Geral da República, apresentando defesa.', 'julgador': 'NA', 'link': 'NA', 'link_tipo': 'NA'}, {'index': 20, 'data': '16/11/2011', 'nome': 'Petição', 'complemento': '87369/2011 - 14/11/2011 - PARECER N.5834/RG, PGR, 14/11/2011 - OPINA PELO INDEFERIMENTO DA CAUTELAR.', 'julgador': 'NA', 'link': 'NA', 'link_tipo': 'NA'}, {'index': 19, 'data': '04/11/2011', 'nome': 'Vista à PGR', 'complemento': '', 'julgador': 'NA', 'link': 'NA', 'link_tipo': 'NA'}, {'index': 18, 'data': '04/11/2011', 'nome': 'Juntada de AR', 'complemento': 'AR968825442RL, recebido pelo Governador do Estado de Minas Gerais, em 17/10/2011.', 'julgador': 'NA', 'link': 'NA', 'link_tipo': 'NA'}, {'index': 17, 'data': '04/11/2011', 'nome': 'Juntada a petição nº', 'complemento': '85456/2011, do Advogado-Geral da União, apresentando defesa.', 'julgador': 'NA', 'link': 'NA', 'link_tipo': 'NA'}, {'index': 16, 'data': '04/11/2011', 'nome': 'Petição', 'complemento': '85456/2011 - 03/11/2011 - (PETIÇÃO ELETRÔNICA COM CERTIFICAÇÃO DIGITAL) ADVOGADO-GERAL DA UNIÃO - MANIFESTA-SE PELO NÃO CONHECIMENTO DA AÇÃO.', 'julgador': 'NA', 'link': 'NA', 'link_tipo': 'NA'}, {'index': 15, 'data': '26/10/2011', 'nome': 'Vista ao AGU', 'complemento': '', 'julgador': 'NA', 'link': 'NA', 'link_tipo': 'NA'}, {'index': 14, 'data': '25/10/2011', 'nome': 'Petição', 'complemento': 'Petição: 83925 Data: 25/10/2011 18:38:29.391 GMT-02:00', 'julgador': 'NA', 'link': 'NA', 'link_tipo': 'NA'}, {'index': 13, 'data': '24/10/2011', 'nome': 'Juntada a petição nº', 'complemento': '83467/2011, da Assembleia Legislativa do Estado de Minas Gerais, prestando informações.', 'julgador': 'NA', 'link': 'NA', 'link_tipo': 'NA'}, {'index': 12, 'data': '24/10/2011', 'nome': 'Informações recebidas, Ofício nº', 'complemento': '6935/R - PG nº 83467/2011, da Assembleia Legislativa do Estado de Minas Gerais.', 'julgador': 'NA', 'link': 'NA', 'link_tipo': 'NA'}, {'index': 11, 'data': '24/10/2011', 'nome': 'Petição', 'complemento': '83467/2011 - 24/10/2011 - (PETIÇÃO ELETRÔNICA COM CERTIFICAÇÃO DIGITAL) ASSEMBLÉIA LEGISLATIVA DO ESTADO DE MINAS GERAIS - PRESTA INFORMAÇÕES EM ATENÇÃO AO OFÍCIO Nº 6935/R.', 'julgador': 'NA', 'link': 'NA', 'link_tipo': 'NA'}, {'index': 10, 'data': '21/10/2011', 'nome': 'Juntada de AR', 'complemento': 'AR968825456RL, recebido pelo Presidente da Assembleia Legislativa de Minas Gerais, em 17/10/2011.', 'julgador': 'NA', 'link': 'NA', 'link_tipo': 'NA'}, {'index': 9, 'data': '13/10/2011', 'nome': 'Expedido Ofício nº', 'complemento': '6935/R, ao Presidente da Assembleia Legislativa do Estado de Minas Gerais, solicitando informações. RL968825456BR', 'julgador': 'NA', 'link': 'NA', 'link_tipo': 'NA'}, {'index': 8, 'data': '13/10/2011', 'nome': 'Expedido Ofício nº', 'complemento': '6934/R, ao Governador do Estado de Minas Gerais, solicitando informações. RL968825442BR', 'julgador': 'NA', 'link': 'NA', 'link_tipo': 'NA'}, {'index': 7, 'data': '07/10/2011', 'nome': 'Certidão', 'complemento': 'Certifico que elaborei 2 ofícios em cumprimento ao despacho de 4/10/2011', 'julgador': 'NA', 'link': 'NA', 'link_tipo': 'NA'}, {'index': 6, 'data': '06/10/2011', 'nome': 'Publicação, DJE', 'complemento': 'Despacho de 04/10/2011 (DJE nº 192, divulgado em 05/10/2011)', 'julgador': 'NA', 'link': 'NA', 'link_tipo': ''}, {'index': 5, 'data': '04/10/2011', 'nome': 'Despacho', 'complemento': '""Trata-se de arguição de descumprimento de preceito fundamental, com pedido de medida liminar, proposta pela Federação Brasileira de Associações de Fiscais de Tributos Estaduais - FEBRAFITE, em que objetiva demonstrar a ocorrência de violação do preceito consignado no art. 10 da Constituição Federal de 1988. Nos termos do § 2º do art. 5º da Lei 9.882/1999, solicitem-se prévias informações à autoridade responsável pelo ato questionado. Após, ouça-se a Advocacia-Geral da União e a Procuradoria-Geral da República. Comunique-se. Publique-se.""', 'julgador': 'NA', 'link': 'NA', 'link_tipo': 'NA'}, {'index': 4, 'data': '22/09/2011', 'nome': 'Conclusos ao(à) Relator(a)', 'complemento': '', 'julgador': 'NA', 'link': 'NA', 'link_tipo': 'NA'}, {'index': 3, 'data': '22/09/2011', 'nome': 'Distribuído', 'complemento': 'MIN. RICARDO LEWANDOWSKI', 'julgador': 'NA', 'link': 'NA', 'link_tipo': 'NA'}, {'index': 2, 'data': '22/09/2011', 'nome': 'Autuado', 'complemento': '', 'julgador': 'NA', 'link': 'NA', 'link_tipo': 'NA'}, {'index': 1, 'data': '22/09/2011', 'nome': 'Protocolado', 'complemento': '', 'julgador': 'NA', 'link': 'NA', 'link_tipo': 'NA'}]","[{'index': 25, 'data_recebido': 'Recebido em 30/01/2021', 'enviado por': 'COORDENADORIA DE GESTÃO DA INFORMAÇÃO, MEMÓRIA INSTITUCIONAL E MUSEU', 'recebido por': 'Enviado por COORDENADORIA DE MEMÓRIA E GESTÃO DOCUMENTAL em 30/01/2021', 'gruia': 'Guia 6/2021'}, {'index': 24, 'data_recebido': 'Recebido em 21/02/2019', 'enviado por': 'COORDENADORIA DE MEMÓRIA E GESTÃO DOCUMENTAL', 'recebido por': 'Enviado por GERÊNCIA DE CONTROLE CONCENTRADO E RECLAMAÇÕES em 21/02/2019', 'gruia': 'Guia 1465/2019'}, {'index': 23, 'data_recebido': 'Recebido em 19/12/2018', 'enviado por': 'GERÊNCIA DE CONTROLE CONCENTRADO E RECLAMAÇÕES', 'recebido por': 'Enviado por PROCURADORIA-GERAL DA REPÚBLICA em 19/12/2018', 'gruia': 'Guia 1977770/2018'}, {'index': 22, 'data_recebido': 'NA', 'enviado por': 'PROCURADORIA-GERAL DA REPÚBLICA', 'recebido por': 'Enviado por GERÊNCIA DE CONTROLE CONCENTRADO E RECLAMAÇÕES em 14/12/2018', 'gruia': 'Guia 1822/2018'}, {'index': 21, 'data_recebido': 'Recebido em 14/12/2018', 'enviado por': 'GERÊNCIA DE CONTROLE CONCENTRADO E RECLAMAÇÕES', 'recebido por': 'Enviado por GERÊNCIA DE PUBLICAÇÃO DE ACÓRDÃOS em 14/12/2018', 'gruia': 'Guia 455/2018'}, {'index': 20, 'data_recebido': 'Recebido em 11/12/2018', 'enviado por': 'GERÊNCIA DE PUBLICAÇÃO DE ACÓRDÃOS', 'recebido por': 'Enviado por GABINETE MINISTRO EDSON FACHIN em 11/12/2018', 'gruia': 'Guia 10808/2018'}, {'index': 19, 'data_recebido': 'Recebido em 26/10/2018', 'enviado por': 'GABINETE MINISTRO EDSON FACHIN', 'recebido por': 'Enviado por SEÇÃO DE PROCESSOS DO CONTROLE CONCENTRADO E RECLAMAÇÕES em 26/10/2018', 'gruia': 'Guia 10574/2018'}, {'index': 18, 'data_recebido': 'Recebido em 26/10/2018', 'enviado por': 'SEÇÃO DE PROCESSOS DO CONTROLE CONCENTRADO E RECLAMAÇÕES', 'recebido por': 'Enviado por GABINETE MINISTRO EDSON FACHIN em 26/10/2018', 'gruia': 'Guia 9477/2018'}, {'index': 17, 'data_recebido': 'Recebido em 18/10/2018', 'enviado por': 'GABINETE MINISTRO EDSON FACHIN', 'recebido por': 'Enviado por SEÇÃO DE PROCESSOS DO CONTROLE CONCENTRADO E RECLAMAÇÕES em 18/10/2018', 'gruia': 'Guia 10225/2018'}, {'index': 16, 'data_recebido': 'Recebido em 18/10/2018', 'enviado por': 'SEÇÃO DE PROCESSOS DO CONTROLE CONCENTRADO E RECLAMAÇÕES', 'recebido por': 'Enviado por GABINETE MINISTRO EDSON FACHIN em 18/10/2018', 'gruia': 'Guia 9238/2018'}, {'index': 15, 'data_recebido': 'Recebido em 21/08/2018', 'enviado por': 'GABINETE MINISTRO EDSON FACHIN', 'recebido por': 'Enviado por SEÇÃO DE PROCESSOS DO CONTROLE CONCENTRADO E RECLAMAÇÕES em 21/08/2018', 'gruia': 'Guia 7745/2018'}, {'index': 14, 'data_recebido': 'Recebido em 21/08/2018', 'enviado por': 'SEÇÃO DE PROCESSOS DO CONTROLE CONCENTRADO E RECLAMAÇÕES', 'recebido por': 'Enviado por PROCURADORIA-GERAL DA REPÚBLICA em 21/08/2018', 'gruia': 'Guia 1904148/2018'}, {'index': 13, 'data_recebido': 'NA', 'enviado por': 'PROCURADORIA-GERAL DA REPÚBLICA', 'recebido por': 'Enviado por SEÇÃO DE PROCESSOS DO CONTROLE CONCENTRADO E RECLAMAÇÕES em 19/01/2018', 'gruia': 'Guia 174/2018'}, {'index': 12, 'data_recebido': 'Recebido em 19/01/2018', 'enviado por': 'SEÇÃO DE PROCESSOS DO CONTROLE CONCENTRADO E RECLAMAÇÕES', 'recebido por': 'Enviado por GABINETE MINISTRO EDSON FACHIN em 19/01/2018', 'gruia': 'Guia 22/2018'}, {'index': 11, 'data_recebido': 'Recebido em 19/09/2016', 'enviado por': 'GABINETE MINISTRO EDSON FACHIN', 'recebido por': 'Enviado por SEÇÃO DE PROCESSOS DO CONTROLE CONCENTRADO E RECLAMAÇÕES em 19/09/2016', 'gruia': 'Guia 6122/2016'}, {'index': 10, 'data_recebido': 'Recebido em 06/09/2016', 'enviado por': 'SEÇÃO DE PROCESSOS DO CONTROLE CONCENTRADO E RECLAMAÇÕES', 'recebido por': 'Enviado por GABINETE MINISTRO EDSON FACHIN em 06/09/2016', 'gruia': 'Guia 7650/2016'}, {'index': 9, 'data_recebido': 'Recebido em 16/06/2015', 'enviado por': 'GABINETE MINISTRO EDSON FACHIN', 'recebido por': 'Enviado por GABINETE MINISTRO RICARDO LEWANDOWSKI em 16/06/2015', 'gruia': 'Guia 202/2015'}, {'index': 8, 'data_recebido': 'Recebido em 17/11/2011', 'enviado por': 'GABINETE MINISTRO RICARDO LEWANDOWSKI', 'recebido por': 'Enviado por SEÇÃO DE PROCESSOS DO CONTROLE CONCENTRADO E RECLAMAÇÕES em 17/11/2011', 'gruia': 'Guia 9416/2011'}, {'index': 7, 'data_recebido': 'Recebido em 17/11/2011', 'enviado por': 'SEÇÃO DE PROCESSOS DO CONTROLE CONCENTRADO E RECLAMAÇÕES', 'recebido por': 'Enviado por PROCURADORIA-GERAL DA REPÚBLICA em 17/11/2011', 'gruia': 'Guia 942427/2011'}, {'index': 6, 'data_recebido': 'NA', 'enviado por': 'PROCURADORIA-GERAL DA REPÚBLICA', 'recebido por': 'Enviado por SEÇÃO DE PROCESSOS DO CONTROLE CONCENTRADO E RECLAMAÇÕES em 04/11/2011', 'gruia': 'Guia 9096/2011'}, {'index': 5, 'data_recebido': 'Recebido em 10/10/2011', 'enviado por': 'SEÇÃO DE PROCESSOS DO CONTROLE CONCENTRADO E RECLAMAÇÕES', 'recebido por': 'Enviado por SEÇÃO DE COMUNICAÇÕES em 10/10/2011', 'gruia': 'Guia 7363/2011'}, {'index': 4, 'data_recebido': 'Recebido em 04/10/2011', 'enviado por': 'SEÇÃO DE COMUNICAÇÕES', 'recebido por': 'Enviado por SEÇÃO DE PROCESSOS DO CONTROLE CONCENTRADO E RECLAMAÇÕES em 04/10/2011', 'gruia': 'Guia 8136/2011'}, {'index': 3, 'data_recebido': 'Recebido em 04/10/2011', 'enviado por': 'SEÇÃO DE PROCESSOS DO CONTROLE CONCENTRADO E RECLAMAÇÕES', 'recebido por': 'Enviado por GABINETE MINISTRO RICARDO LEWANDOWSKI em 04/10/2011', 'gruia': 'Guia 2861/2011'}, {'index': 2, 'data_recebido': 'Recebido em 22/09/2011', 'enviado por': 'GABINETE MINISTRO RICARDO LEWANDOWSKI', 'recebido por': 'Enviado por SEÇÃO DE RECEBIMENTO E DISTRIBUIÇÃO DE ORIGINÁRIOS em 22/09/2011', 'gruia': 'Guia 9401/2011'}, {'index': 1, 'data_recebido': 'Recebido em 22/09/2011', 'enviado por': 'SEÇÃO DE RECEBIMENTO E DISTRIBUIÇÃO DE ORIGINÁRIOS', 'recebido por': 'Enviado por DIVERSOS em 22/09/2011', 'gruia': 'Guia 929352/2011'}]"
4146165,ADPF,ADPF 242,ARGUIÇÃO DE DESCUMPRIMENTO DE PRECEITO FUNDAMENTAL,INTDO.(A/S),Medida Liminar,DF - DISTRITO FEDERAL,Relator: MIN. CÁRMEN LÚCIA,"[{'_index': 1, 'tipo': 'REQTE.(S)', 'nome': 'CONSELHO FEDERAL DA ORDEM DOS ADVOGADOS DO BRASIL - CFOAB'}, {'_index': 2, 'tipo': 'ADV.(A/S)', 'nome': 'MARCUS VINICIUS FURTADO COÊLHO (18958/DF, 167075/MG, 2525/PI, 259423/RJ, 463101/SP)'}, {'_index': 3, 'tipo': 'ADV.(A/S)', 'nome': 'RAFAEL BARBOSA DE CASTILHO (19979/DF)'}, {'_index': 4, 'tipo': 'ADV.(A/S)', 'nome': 'OSWALDO PINHEIRO RIBEIRO JÚNIOR'}, {'_index': 5, 'tipo': 'INTDO.(A/S)', 'nome': 'PRESIDENTE DO CONSELHO NACIONAL DE POLÍTICA ENERGÉTICA - CNPE'}]",23/09/2011,SUPREMO TRIBUNAL FEDERAL,['DIREITO ADMINISTRATIVO E OUTRAS MATÉRIAS DE DIREITO PÚBLICO | Controle de Constitucionalidade'],"
                            <div class=""col-xs-12 col-md-12 m-b-8 p-l-0"">
                                <div class=""processo-classe p-t-8 p-l-16"">ARGUIÇÃO DE DESCUMPRIMENTO DE PRECEITO FUNDAMENTAL</div>
                                
                                <div class=""processo-dados p-l-16""><a href=""#"" data-toggle=""tooltip"" title=""Corresponde ao Estado da federação de onde provém o processo."">Origem:</a>&nbsp;<span id=""descricao-procedencia""><span id=""descricao-procedencia"">
    DF - DISTRITO FEDERAL
</span></span></div>
                                <div class=""processo-dados p-l-16"">Relator: MIN. CÁRMEN LÚCIA</div>
                                
                                <hr style=""margin-left: 16px;"">
                                <div id=""resumo-partes"" class=""resumo-partes""><div id=""partes-resumidas"">
    
        <div style=""display: flex; flex-direction:row"">
            <div class=""processo-partes m-t-4 col-md-2"">REQTE.(S)</div>
            <div class=""processo-partes m-t-4 col-md-8"">CONSELHO FEDERAL DA ORDEM DOS ADVOGADOS DO BRASIL - CFOAB&nbsp;</div>
        </div>
    
        <div style=""display: flex; flex-direction:row"">
            <div class=""processo-partes m-t-4 col-md-2"">ADV.(A/S)</div>
            <div class=""processo-partes m-t-4 col-md-8"">MARCUS VINICIUS FURTADO COÊLHO (18958/DF, 167075/MG, 2525/PI, 259423/RJ, 463101/SP)&nbsp;E OUTRO(A/S)</div>
        </div>
    
        <div style=""display: flex; flex-direction:row"">
            <div class=""processo-partes m-t-4 col-md-2"">INTDO.(A/S)</div>
            <div class=""processo-partes m-t-4 col-md-8"">PRESIDENTE DO CONSELHO NACIONAL DE POLÍTICA ENERGÉTICA - CNPE&nbsp;</div>
        </div>
    
</div>
                                    <div class=""clearfix""></div>
                                </div>
                                <!-- TEMPORÁRIO  -->
                                <!-- A TABELA DE PREFERÊNCIAS NÃO DEVE SER UTILIZADA PARA A AGENDA DA ONU
                                     FUTURAMENTE SERÁ CRIADA UMA TABELA COM UM CODIGO PARA DEFINIR OS ITENS DA AGENDA
                                -->
                                
                                <!-- TEMPORÁRIO  -->
                            </div>
                        ","[{'index': 40, 'data': '25/08/2020', 'nome': 'Baixa ao arquivo do STF, Guia nº', 'complemento': '', 'julgador': 'NA', 'link': 'NA', 'link_tipo': 'NA'}, {'index': 39, 'data': '25/08/2020', 'nome': 'Decisão de julgamento (Lei 9.882/99) publicada no DJE e no DOU', 'complemento': '', 'julgador': 'NA', 'link': 'NA', 'link_tipo': 'NA'}, {'index': 38, 'data': '20/08/2020', 'nome': 'Transitado(a) em julgado', 'complemento': '19/08/2020', 'julgador': 'NA', 'link': 'NA', 'link_tipo': 'NA'}, {'index': 37, 'data': '17/08/2020', 'nome': 'Intimado eletronicamente', 'complemento': 'PROCURADOR-GERAL DA REPÚBLICA', 'julgador': 'NA', 'link': 'NA', 'link_tipo': 'NA'}, {'index': 36, 'data': '10/08/2020', 'nome': 'Petição', 'complemento': 'PROCURADOR-GERAL DA REPÚBLICA - Petição: 62454 - Data: 10/08/2020, às 18:57:27, via Web Service MNI 2.2.2.', 'julgador': 'NA', 'link': 'NA', 'link_tipo': 'NA'}, {'index': 35, 'data': '07/08/2020', 'nome': 'Vista à PGR para fins de intimação', 'complemento': '', 'julgador': 'NA', 'link': 'NA', 'link_tipo': 'NA'}, {'index': 34, 'data': '07/08/2020', 'nome': 'Publicado acórdão, DJE', 'complemento': 'DATA DE PUBLICAÇÃO DJE 07/08/2020 - ATA Nº 127/2020. DJE nº 197, divulgado em 06/08/2020', 'julgador': 'NA', 'link': 'NA', 'link_tipo': 'NA'}, {'index': 33, 'data': '25/06/2020', 'nome': 'Ata de Julgamento Publicada, DJE', 'complemento': 'ATA Nº 18, de 16/06/2020. DJE nº 159, divulgado em 24/06/2020', 'julgador': 'NA', 'link': 'NA', 'link_tipo': 'NA'}, {'index': 32, 'data': '20/06/2020', 'nome': 'Juntada', 'complemento': 'Certidão de Julgamento da Sessão Virtual', 'julgador': 'NA', 'link': 'NA', 'link_tipo': 'NA'}, {'index': 31, 'data': '16/06/2020', 'nome': 'Improcedente', 'complemento': 'Decisão: O Tribunal, por maioria, julgou improcedente a arguição de descumprimento de preceito fundamental, nos termos do voto da Relatora, vencidos os Ministros Edson Fachin e Rosa Weber. Plenário, Sessão Virtual de 5.6.2020 a 15.6.2020.', 'julgador': 'TRIBUNAL PLENO - SESSÃO VIRTUAL', 'link': 'NA', 'link_tipo': ''}, {'index': 30, 'data': '16/06/2020', 'nome': 'Finalizado Julgamento Virtual', 'complemento': 'Finalizado Julgamento Virtual em 15 de Junho de 2020 (Segunda-feira), às 23:59 .', 'julgador': 'NA', 'link': 'NA', 'link_tipo': 'NA'}, {'index': 29, 'data': '05/06/2020', 'nome': 'Iniciado Julgamento Virtual', 'complemento': '', 'julgador': 'NA', 'link': 'NA', 'link_tipo': 'NA'}, {'index': 28, 'data': '28/05/2020', 'nome': 'Pauta publicada no DJE - Plenário', 'complemento': 'PAUTA Nº 67/2020. DJE nº 131, divulgado em 27/05/2020', 'julgador': 'NA', 'link': 'NA', 'link_tipo': 'NA'}, {'index': 27, 'data': '26/05/2020', 'nome': 'Inclua-se em pauta - minuta extraída', 'complemento': 'Julgamento Virtual: Incluído na Lista 192-2020.CL - Agendado para: 05/06/2020.', 'julgador': 'TRIBUNAL PLENO - SESSÃO VIRTUAL', 'link': 'NA', 'link_tipo': 'NA'}, {'index': 26, 'data': '13/09/2018', 'nome': 'Substituição do Relator, art. 38 do RISTF', 'complemento': 'MIN. CÁRMEN LÚCIA', 'julgador': 'NA', 'link': 'NA', 'link_tipo': 'NA'}, {'index': 25, 'data': '09/09/2016', 'nome': 'Conclusos ao(à) Relator(a)', 'complemento': '', 'julgador': 'NA', 'link': 'NA', 'link_tipo': 'NA'}, {'index': 24, 'data': '09/09/2016', 'nome': 'Publicação, DJE', 'complemento': 'Despacho de 05/09/2016 (DJE nº 192, divulgado em 08/09/2016)', 'julgador': 'NA', 'link': 'NA', 'link_tipo': 'NA'}, {'index': 23, 'data': '06/09/2016', 'nome': 'Adotado rito do Art. 12, da Lei 9.868/99', 'complemento': 'em 5/9/2016: ""Vistos. Por razões de economia processual, deixo de apreciar o pedido de medida liminar no presente caso, para analisar diretamente o mérito da arguição, nos termos do art. 12 da Lei nº 9.868/99. Deixo também de solicitar novas informações aos requeridos e as manifestações do Advogado-Geral da União e do Procurador-Geral da República, tendo em vista que o processo já se encontra suficientemente instruído para o exame do mérito. Publique-se.""', 'julgador': 'MIN. DIAS TOFFOLI', 'link': 'NA', 'link_tipo': 'NA'}, {'index': 22, 'data': '28/07/2015', 'nome': 'Conclusos ao(à) Relator(a)', 'complemento': '', 'julgador': 'NA', 'link': 'NA', 'link_tipo': 'NA'}, {'index': 21, 'data': '28/07/2015', 'nome': 'Certidão', 'complemento': 'Certifico que retifiquei a autuação deste processo para constar o advogado Marcus Vinicius Furtado Côelho como representante do requerente.', 'julgador': 'NA', 'link': 'NA', 'link_tipo': 'NA'}, {'index': 20, 'data': '28/07/2015', 'nome': 'Petição', 'complemento': 'Procuração/Substabelecimento - Petição: 36131 Data: 28/07/2015 10:17:42.729 GMT-03:00', 'julgador': 'NA', 'link': 'NA', 'link_tipo': 'NA'}, {'index': 19, 'data': '18/09/2013', 'nome': 'Conclusos ao(à) Relator(a)', 'complemento': '', 'julgador': 'NA', 'link': 'NA', 'link_tipo': 'NA'}, {'index': 18, 'data': '18/09/2013', 'nome': 'Recebimento dos autos', 'complemento': 'da PGR.', 'julgador': 'NA', 'link': 'NA', 'link_tipo': 'NA'}, {'index': 17, 'data': '17/09/2013', 'nome': 'Petição', 'complemento': '46499/2013 - 17/09/2013 - PARECER Nº 428 PGR-HCA, 17/9/2013 - OPINA PELA PROCEDÊNCIA DO PEDIDO.', 'julgador': 'NA', 'link': 'NA', 'link_tipo': 'NA'}, {'index': 16, 'data': '25/10/2011', 'nome': 'Vista à PGR', 'complemento': '', 'julgador': 'NA', 'link': 'NA', 'link_tipo': 'NA'}, {'index': 15, 'data': '25/10/2011', 'nome': 'Juntada a petição nº', 'complemento': '83039/2011, do Ministério de Minas e Energia, prestando informações.', 'julgador': 'NA', 'link': 'NA', 'link_tipo': 'NA'}, {'index': 14, 'data': '25/10/2011', 'nome': 'Informações recebidas, Ofício nº', 'complemento': '4607/SEJ - PG nº 83039/2011, do Ministério de Minas e Energia.', 'julgador': 'NA', 'link': 'NA', 'link_tipo': 'NA'}, {'index': 13, 'data': '25/10/2011', 'nome': 'Juntada a petição nº', 'complemento': '83938/2011, da AGU, apresentando defesa.', 'julgador': 'NA', 'link': 'NA', 'link_tipo': 'NA'}, {'index': 12, 'data': '25/10/2011', 'nome': 'Petição', 'complemento': '83938/2011 - 25/10/2011 - (PETIÇÃO ELETRÔNICA COM CERTIFICAÇÃO DIGITAL) ADVOGADO-GERAL DA UNIÃO - MANIFESTA-SE PELA IMPROCEDÊNCIA DA AÇÃO.', 'julgador': 'NA', 'link': 'NA', 'link_tipo': 'NA'}, {'index': 11, 'data': '21/10/2011', 'nome': 'Petição', 'complemento': '83039/2011 - 21/10/2011 - AVISO N.226/2011, MINISTÉRIO DE MINAS E ENERGIA, 20/10/2011 - PRESTA INFORMAÇÕES EM ATENÇÃO AO OFÍCIO Nº4607/SEJ.', 'julgador': 'NA', 'link': 'NA', 'link_tipo': 'NA'}, {'index': 10, 'data': '20/10/2011', 'nome': 'Vista ao AGU', 'complemento': '', 'julgador': 'NA', 'link': 'NA', 'link_tipo': 'NA'}, {'index': 9, 'data': '20/10/2011', 'nome': 'Decorrido o prazo', 'complemento': 'Em 10/10/2011, sem que fossem prestadas as informações solicitadas ao Presidente do Conselho Nacional de Politica Energética, por meio do ofício de nº 4607/SEJ.', 'julgador': 'NA', 'link': 'NA', 'link_tipo': 'NA'}, {'index': 8, 'data': '05/10/2011', 'nome': 'Expedido(a)', 'complemento': 'Ofício - Ofício Informação Petição Inicial ADPF - SEJ', 'julgador': 'NA', 'link': 'NA', 'link_tipo': 'NA'}, {'index': 7, 'data': '04/10/2011', 'nome': 'Comunicação assinada', 'complemento': 'Ofício - Ofício Informação Petição Inicial ADPF - SEJ', 'julgador': 'NA', 'link': 'NA', 'link_tipo': 'NA'}, {'index': 6, 'data': '30/09/2011', 'nome': 'Certidão', 'complemento': 'Certifico que elaborei um ofício em cumprimento ao despacho de 23/9/2011', 'julgador': 'NA', 'link': 'NA', 'link_tipo': 'NA'}, {'index': 5, 'data': '30/09/2011', 'nome': 'Publicação, DJE', 'complemento': 'Despacho de 23/09/2011 (DJE nº 188, divulgado em 29/09/2011)', 'julgador': 'NA', 'link': 'NA', 'link_tipo': ''}, {'index': 4, 'data': '28/09/2011', 'nome': 'Despacho', 'complemento': 'EM 23/09/2011.Solicitem-se informações ao arguido e, em seguida,abra-se vista,sucessivamente,ao Advogado-Geral da União e ao Procurador-Geral da República,cada qual no prazo de 5 (cinco) dias.Retornando os autos,proceda-se o seu apensamento à ADPF 204.', 'julgador': 'NA', 'link': 'NA', 'link_tipo': 'NA'}, {'index': 3, 'data': '23/09/2011', 'nome': 'Conclusos ao(à) Relator(a)', 'complemento': '', 'julgador': 'NA', 'link': 'NA', 'link_tipo': 'NA'}, {'index': 2, 'data': '23/09/2011', 'nome': 'Distribuído por prevenção', 'complemento': 'MIN. DIAS TOFFOLI', 'julgador': 'NA', 'link': 'NA', 'link_tipo': 'NA'}, {'index': 1, 'data': '23/09/2011', 'nome': 'Autuado', 'complemento': '', 'julgador': 'NA', 'link': 'NA', 'link_tipo': 'NA'}]","[{'index': 15, 'data_recebido': 'Recebido em 30/01/2021', 'enviado por': 'COORDENADORIA DE GESTÃO DA INFORMAÇÃO, MEMÓRIA INSTITUCIONAL E MUSEU', 'recebido por': 'Enviado por COORDENADORIA DE MEMÓRIA E GESTÃO DOCUMENTAL em 30/01/2021', 'gruia': 'Guia 6/2021'}, {'index': 14, 'data_recebido': 'Recebido em 25/08/2020', 'enviado por': 'COORDENADORIA DE MEMÓRIA E GESTÃO DOCUMENTAL', 'recebido por': 'Enviado por GERÊNCIA DE CONTROLE CONCENTRADO E RECLAMAÇÕES em 25/08/2020', 'gruia': 'Guia 14308/2020'}, {'index': 13, 'data_recebido': 'Recebido em 07/08/2020', 'enviado por': 'GERÊNCIA DE CONTROLE CONCENTRADO E RECLAMAÇÕES', 'recebido por': 'Enviado por GERÊNCIA DE PUBLICAÇÃO DE ACÓRDÃOS em 07/08/2020', 'gruia': 'Guia 1178/2020'}, {'index': 12, 'data_recebido': 'Recebido em 17/06/2020', 'enviado por': 'GERÊNCIA DE PUBLICAÇÃO DE ACÓRDÃOS', 'recebido por': 'Enviado por GABINETE MINISTRA CÁRMEN LÚCIA em 17/06/2020', 'gruia': 'Guia 3088/2020'}, {'index': 11, 'data_recebido': 'Recebido em 13/09/2018', 'enviado por': 'GABINETE MINISTRA CÁRMEN LÚCIA', 'recebido por': 'Enviado por GABINETE MINISTRO DIAS TOFFOLI em 13/09/2018', 'gruia': 'Guia 6455/2018'}, {'index': 10, 'data_recebido': 'Recebido em 09/09/2016', 'enviado por': 'GABINETE MINISTRO DIAS TOFFOLI', 'recebido por': 'Enviado por SEÇÃO DE PROCESSOS DO CONTROLE CONCENTRADO E RECLAMAÇÕES em 09/09/2016', 'gruia': 'Guia 5897/2016'}, {'index': 9, 'data_recebido': 'Recebido em 06/09/2016', 'enviado por': 'SEÇÃO DE PROCESSOS DO CONTROLE CONCENTRADO E RECLAMAÇÕES', 'recebido por': 'Enviado por GABINETE MINISTRO DIAS TOFFOLI em 06/09/2016', 'gruia': 'Guia 5665/2016'}, {'index': 8, 'data_recebido': 'Recebido em 18/09/2013', 'enviado por': 'GABINETE MINISTRO DIAS TOFFOLI', 'recebido por': 'Enviado por SEÇÃO DE PROCESSOS DO CONTROLE CONCENTRADO E RECLAMAÇÕES em 18/09/2013', 'gruia': 'Guia 8708/2013'}, {'index': 7, 'data_recebido': 'Recebido em 18/09/2013', 'enviado por': 'SEÇÃO DE PROCESSOS DO CONTROLE CONCENTRADO E RECLAMAÇÕES', 'recebido por': 'Enviado por SEÇÃO DE ATENDIMENTO NÃO PRESENCIAL em 18/09/2013', 'gruia': 'Guia 6455/2013'}, {'index': 6, 'data_recebido': 'Recebido em 18/09/2013', 'enviado por': 'SEÇÃO DE ATENDIMENTO NÃO PRESENCIAL', 'recebido por': 'Enviado por PROCURADORIA-GERAL DA REPÚBLICA em 18/09/2013', 'gruia': 'Guia 1148365/2013'}, {'index': 5, 'data_recebido': 'NA', 'enviado por': 'PROCURADORIA-GERAL DA REPÚBLICA', 'recebido por': 'Enviado por SEÇÃO DE PROCESSOS DO CONTROLE CONCENTRADO E RECLAMAÇÕES em 25/10/2011', 'gruia': 'Guia 8856/2011'}, {'index': 4, 'data_recebido': 'Recebido em 30/09/2011', 'enviado por': 'SEÇÃO DE PROCESSOS DO CONTROLE CONCENTRADO E RECLAMAÇÕES', 'recebido por': 'Enviado por SEÇÃO DE COMUNICAÇÕES em 30/09/2011', 'gruia': 'Guia 7124/2011'}, {'index': 3, 'data_recebido': 'Recebido em 28/09/2011', 'enviado por': 'SEÇÃO DE COMUNICAÇÕES', 'recebido por': 'Enviado por SEÇÃO DE PROCESSOS DO CONTROLE CONCENTRADO E RECLAMAÇÕES em 28/09/2011', 'gruia': 'Guia 7941/2011'}, {'index': 2, 'data_recebido': 'Recebido em 28/09/2011', 'enviado por': 'SEÇÃO DE PROCESSOS DO CONTROLE CONCENTRADO E RECLAMAÇÕES', 'recebido por': 'Enviado por GABINETE MINISTRO DIAS TOFFOLI em 28/09/2011', 'gruia': 'Guia 3905/2011'}, {'index': 1, 'data_recebido': 'Recebido em 23/09/2011', 'enviado por': 'GABINETE MINISTRO DIAS TOFFOLI', 'recebido por': 'Enviado por SEÇÃO DE RECEBIMENTO E DISTRIBUIÇÃO DE ORIGINÁRIOS em 23/09/2011', 'gruia': 'Guia 9427/2011'}]"
